card_id,card_name,card_image,character_candidate,verification_status,evidence_url,notes
E1-06_R,アイスブルーフリルパニエ,https://dcd.aikatsu.com/encore/images/cardlist/card/E1-06_R.webp,,未判定,,
E1-07_R,名称確認中（E1-07_R）,https://dcd.aikatsu.com/encore/images/cardlist/card/E1-07_R.webp,,未判定,,
E1-08_R,名称確認中（E1-08_R）,https://dcd.aikatsu.com/encore/images/cardlist/card/E1-08_R.webp,,未判定,,
E1-09_R,名称確認中（E1-09_R）,https://dcd.aikatsu.com/encore/images/cardlist/card/E1-09_R.webp,,未判定,,
E1-10_R,名称確認中（E1-10_R）,https://dcd.aikatsu.com/encore/images/cardlist/card/E1-10_R.webp,,未判定,,
E1-11_R,名称確認中（E1-11_R）,https://dcd.aikatsu.com/encore/images/cardlist/card/E1-11_R.webp,,未判定,,
E1-12_R,名称確認中（E1-12_R）,https://dcd.aikatsu.com/encore/images/cardlist/card/E1-12_R.webp,,未判定,,
E1-13_R,名称確認中（E1-13_R）,https://dcd.aikatsu.com/encore/images/cardlist/card/E1-13_R.webp,,未判定,,
E1-14_R,名称確認中（E1-14_R）,https://dcd.aikatsu.com/encore/images/cardlist/card/E1-14_R.webp,,未判定,,
E1-15_R,名称確認中（E1-15_R）,https://dcd.aikatsu.com/encore/images/cardlist/card/E1-15_R.webp,,未判定,,
E1-16_R,名称確認中（E1-16_R）,https://dcd.aikatsu.com/encore/images/cardlist/card/E1-16_R.webp,,未判定,,
E1-17_R,名称確認中（E1-17_R）,https://dcd.aikatsu.com/encore/images/cardlist/card/E1-17_R.webp,,未判定,,
E1-18_R,名称確認中（E1-18_R）,https://dcd.aikatsu.com/encore/images/cardlist/card/E1-18_R.webp,,未判定,,
E1-19_R,名称確認中（E1-19_R）,https://dcd.aikatsu.com/encore/images/cardlist/card/E1-19_R.webp,,未判定,,
E1-20_R,名称確認中（E1-20_R）,https://dcd.aikatsu.com/encore/images/cardlist/card/E1-20_R.webp,,未判定,,
E1-21_N,名称確認中（E1-21_N）,https://dcd.aikatsu.com/encore/images/cardlist/card/E1-21_N.webp,,未判定,,
E1-22_N,名称確認中（E1-22_N）,https://dcd.aikatsu.com/encore/images/cardlist/card/E1-22_N.webp,,未判定,,
E1-23_N,名称確認中（E1-23_N）,https://dcd.aikatsu.com/encore/images/cardlist/card/E1-23_N.webp,,未判定,,
E1-24_N,名称確認中（E1-24_N）,https://dcd.aikatsu.com/encore/images/cardlist/card/E1-24_N.webp,,未判定,,
E1-25_N,名称確認中（E1-25_N）,https://dcd.aikatsu.com/encore/images/cardlist/card/E1-25_N.webp,,未判定,,
E1-26_N,名称確認中（E1-26_N）,https://dcd.aikatsu.com/encore/images/cardlist/card/E1-26_N.webp,,未判定,,
E1-27_N,名称確認中（E1-27_N）,https://dcd.aikatsu.com/encore/images/cardlist/card/E1-27_N.webp,,未判定,,
E1-28_N,名称確認中（E1-28_N）,https://dcd.aikatsu.com/encore/images/cardlist/card/E1-28_N.webp,,未判定,,
E1-29_N,名称確認中（E1-29_N）,https://dcd.aikatsu.com/encore/images/cardlist/card/E1-29_N.webp,,未判定,,
E1-30_ER,名称確認中（E1-30_ER）,https://dcd.aikatsu.com/encore/images/cardlist/card/E1-30_ER.webp,,未判定,,
E1-31_ER,名称確認中（E1-31_ER）,https://dcd.aikatsu.com/encore/images/cardlist/card/E1-31_ER.webp,,未判定,,
E1-32_ER,名称確認中（E1-32_ER）,https://dcd.aikatsu.com/encore/images/cardlist/card/E1-32_ER.webp,,未判定,,
E1-33_PR,名称確認中（E1-33_PR）,https://dcd.aikatsu.com/encore/images/cardlist/card/E1-33_PR.webp,,未判定,,
E1-34_PR,名称確認中（E1-34_PR）,https://dcd.aikatsu.com/encore/images/cardlist/card/E1-34_PR.webp,,未判定,,
E1-35_PR,名称確認中（E1-35_PR）,https://dcd.aikatsu.com/encore/images/cardlist/card/E1-35_PR.webp,,未判定,,
E1-36_PR,名称確認中（E1-36_PR）,https://dcd.aikatsu.com/encore/images/cardlist/card/E1-36_PR.webp,,未判定,,
E1-37_R,名称確認中（E1-37_R）,https://dcd.aikatsu.com/encore/images/cardlist/card/E1-37_R.webp,,未判定,,
E1-38_R,名称確認中（E1-38_R）,https://dcd.aikatsu.com/encore/images/cardlist/card/E1-38_R.webp,,未判定,,
E1-39_R,名称確認中（E1-39_R）,https://dcd.aikatsu.com/encore/images/cardlist/card/E1-39_R.webp,,未判定,,
E1-40_R,名称確認中（E1-40_R）,https://dcd.aikatsu.com/encore/images/cardlist/card/E1-40_R.webp,,未判定,,
E1-41_N,名称確認中（E1-41_N）,https://dcd.aikatsu.com/encore/images/cardlist/card/E1-41_N.webp,,未判定,,
E1-42_N,名称確認中（E1-42_N）,https://dcd.aikatsu.com/encore/images/cardlist/card/E1-42_N.webp,,未判定,,
E1-43_N,名称確認中（E1-43_N）,https://dcd.aikatsu.com/encore/images/cardlist/card/E1-43_N.webp,,未判定,,
E1-44_N,名称確認中（E1-44_N）,https://dcd.aikatsu.com/encore/images/cardlist/card/E1-44_N.webp,,未判定,,
E1-45_N,名称確認中（E1-45_N）,https://dcd.aikatsu.com/encore/images/cardlist/card/E1-45_N.webp,,未判定,,
E1-46_N,名称確認中（E1-46_N）,https://dcd.aikatsu.com/encore/images/cardlist/card/E1-46_N.webp,,未判定,,
E1-47_N,名称確認中（E1-47_N）,https://dcd.aikatsu.com/encore/images/cardlist/card/E1-47_N.webp,,未判定,,
E1-48_N,名称確認中（E1-48_N）,https://dcd.aikatsu.com/encore/images/cardlist/card/E1-48_N.webp,,未判定,,
E1-49_N,名称確認中（E1-49_N）,https://dcd.aikatsu.com/encore/images/cardlist/card/E1-49_N.webp,,未判定,,
E1-50_ER,名称確認中（E1-50_ER）,https://dcd.aikatsu.com/encore/images/cardlist/card/E1-50_ER.webp,,未判定,,
E1-51_PR,名称確認中（E1-51_PR）,https://dcd.aikatsu.com/encore/images/cardlist/card/E1-51_PR.webp,,未判定,,
E1-52_PR,名称確認中（E1-52_PR）,https://dcd.aikatsu.com/encore/images/cardlist/card/E1-52_PR.webp,,未判定,,
E1-53_R,名称確認中（E1-53_R）,https://dcd.aikatsu.com/encore/images/cardlist/card/E1-53_R.webp,,未判定,,
E1-54_R,名称確認中（E1-54_R）,https://dcd.aikatsu.com/encore/images/cardlist/card/E1-54_R.webp,,未判定,,
E1-55_R,名称確認中（E1-55_R）,https://dcd.aikatsu.com/encore/images/cardlist/card/E1-55_R.webp,,未判定,,
E1-56_R,名称確認中（E1-56_R）,https://dcd.aikatsu.com/encore/images/cardlist/card/E1-56_R.webp,,未判定,,
E1-57_R,名称確認中（E1-57_R）,https://dcd.aikatsu.com/encore/images/cardlist/card/E1-57_R.webp,,未判定,,
E1-58_R,名称確認中（E1-58_R）,https://dcd.aikatsu.com/encore/images/cardlist/card/E1-58_R.webp,,未判定,,
E1-59_R,名称確認中（E1-59_R）,https://dcd.aikatsu.com/encore/images/cardlist/card/E1-59_R.webp,,未判定,,
E1-60_N,名称確認中（E1-60_N）,https://dcd.aikatsu.com/encore/images/cardlist/card/E1-60_N.webp,,未判定,,
E1-61_N,名称確認中（E1-61_N）,https://dcd.aikatsu.com/encore/images/cardlist/card/E1-61_N.webp,,未判定,,
E1-62_N,名称確認中（E1-62_N）,https://dcd.aikatsu.com/encore/images/cardlist/card/E1-62_N.webp,,未判定,,
E1-63_N,名称確認中（E1-63_N）,https://dcd.aikatsu.com/encore/images/cardlist/card/E1-63_N.webp,,未判定,,
E1-64_N,名称確認中（E1-64_N）,https://dcd.aikatsu.com/encore/images/cardlist/card/E1-64_N.webp,,未判定,,
E1-65_N,名称確認中（E1-65_N）,https://dcd.aikatsu.com/encore/images/cardlist/card/E1-65_N.webp,,未判定,,
E1-66_N,名称確認中（E1-66_N）,https://dcd.aikatsu.com/encore/images/cardlist/card/E1-66_N.webp,,未判定,,
E1-67_N,名称確認中（E1-67_N）,https://dcd.aikatsu.com/encore/images/cardlist/card/E1-67_N.webp,,未判定,,
E1-68_N,名称確認中（E1-68_N）,https://dcd.aikatsu.com/encore/images/cardlist/card/E1-68_N.webp,,未判定,,
E1-69_N,名称確認中（E1-69_N）,https://dcd.aikatsu.com/encore/images/cardlist/card/E1-69_N.webp,,未判定,,
E1-70_N,名称確認中（E1-70_N）,https://dcd.aikatsu.com/encore/images/cardlist/card/E1-70_N.webp,,未判定,,
E1-71_PR,名称確認中（E1-71_PR）,https://dcd.aikatsu.com/encore/images/cardlist/card/E1-71_PR.webp,,未判定,,
E1-72_PR,名称確認中（E1-72_PR）,https://dcd.aikatsu.com/encore/images/cardlist/card/E1-72_PR.webp,,未判定,,
E1-73_PR,名称確認中（E1-73_PR）,https://dcd.aikatsu.com/encore/images/cardlist/card/E1-73_PR.webp,,未判定,,
E1-74_PR,名称確認中（E1-74_PR）,https://dcd.aikatsu.com/encore/images/cardlist/card/E1-74_PR.webp,,未判定,,
E1-75_PR,名称確認中（E1-75_PR）,https://dcd.aikatsu.com/encore/images/cardlist/card/E1-75_PR.webp,,未判定,,
E1-76_PR,名称確認中（E1-76_PR）,https://dcd.aikatsu.com/encore/images/cardlist/card/E1-76_PR.webp,,未判定,,
E1-77_PR,名称確認中（E1-77_PR）,https://dcd.aikatsu.com/encore/images/cardlist/card/E1-77_PR.webp,,未判定,,
E1-78_PR,名称確認中（E1-78_PR）,https://dcd.aikatsu.com/encore/images/cardlist/card/E1-78_PR.webp,,未判定,,
E1-79_PR,名称確認中（E1-79_PR）,https://dcd.aikatsu.com/encore/images/cardlist/card/E1-79_PR.webp,,未判定,,
E1-80_PR,名称確認中（E1-80_PR）,https://dcd.aikatsu.com/encore/images/cardlist/card/E1-80_PR.webp,,未判定,,
E1-81_PR,名称確認中（E1-81_PR）,https://dcd.aikatsu.com/encore/images/cardlist/card/E1-81_PR.webp,,未判定,,
E1-82_PR,名称確認中（E1-82_PR）,https://dcd.aikatsu.com/encore/images/cardlist/card/E1-82_PR.webp,,未判定,,
E1-83_N,名称確認中（E1-83_N）,https://dcd.aikatsu.com/encore/images/cardlist/card/E1-83_N.webp,,未判定,,
E1-84_N,名称確認中（E1-84_N）,https://dcd.aikatsu.com/encore/images/cardlist/card/E1-84_N.webp,,未判定,,
E1-85_N,名称確認中（E1-85_N）,https://dcd.aikatsu.com/encore/images/cardlist/card/E1-85_N.webp,,未判定,,
EP-001_N,名称確認中（EP-001_N）,https://dcd.aikatsu.com/encore/images/cardlist/card/EP-001_N.webp,,未判定,,
EP-002_PR,名称確認中（EP-002_PR）,https://dcd.aikatsu.com/encore/images/cardlist/card/EP-002_PR.webp,,未判定,,
EP-003_N,名称確認中（EP-003_N）,https://dcd.aikatsu.com/encore/images/cardlist/card/EP-003_N.webp,,未判定,,
EP-004_N,名称確認中（EP-004_N）,https://dcd.aikatsu.com/encore/images/cardlist/card/EP-004_N.webp,,未判定,,
EP-005_N,名称確認中（EP-005_N）,https://dcd.aikatsu.com/encore/images/cardlist/card/EP-005_N.webp,,未判定,,
EP-006_N,名称確認中（EP-006_N）,https://dcd.aikatsu.com/encore/images/cardlist/card/EP-006_N.webp,,未判定,,
EP-007_N,名称確認中（EP-007_N）,https://dcd.aikatsu.com/encore/images/cardlist/card/EP-007_N.webp,,未判定,,
EP-008_N,名称確認中（EP-008_N）,https://dcd.aikatsu.com/encore/images/cardlist/card/EP-008_N.webp,,未判定,,
EP-009_N,名称確認中（EP-009_N）,https://dcd.aikatsu.com/encore/images/cardlist/card/EP-009_N.webp,,未判定,,
EP-010_N,名称確認中（EP-010_N）,https://dcd.aikatsu.com/encore/images/cardlist/card/EP-010_N.webp,,未判定,,
EP-011_N,名称確認中（EP-011_N）,https://dcd.aikatsu.com/encore/images/cardlist/card/EP-011_N.webp,,未判定,,
EP-012_N,名称確認中（EP-012_N）,https://dcd.aikatsu.com/encore/images/cardlist/card/EP-012_N.webp,,未判定,,
EP-013_N,名称確認中（EP-013_N）,https://dcd.aikatsu.com/encore/images/cardlist/card/EP-013_N.webp,,未判定,,
EP-014_N,名称確認中（EP-014_N）,https://dcd.aikatsu.com/encore/images/cardlist/card/EP-014_N.webp,,未判定,,
EP-015_N,名称確認中（EP-015_N）,https://dcd.aikatsu.com/encore/images/cardlist/card/EP-015_N.webp,,未判定,,
EP-016_N,名称確認中（EP-016_N）,https://dcd.aikatsu.com/encore/images/cardlist/card/EP-016_N.webp,,未判定,,
EP-017_N,名称確認中（EP-017_N）,https://dcd.aikatsu.com/encore/images/cardlist/card/EP-017_N.webp,,未判定,,
EP-018_N,名称確認中（EP-018_N）,https://dcd.aikatsu.com/encore/images/cardlist/card/EP-018_N.webp,,未判定,,
EP-029_R,名称確認中（EP-029_R）,https://dcd.aikatsu.com/encore/images/cardlist/card/EP-029_R.webp,,未判定,,
EP-030_R,名称確認中（EP-030_R）,https://dcd.aikatsu.com/encore/images/cardlist/card/EP-030_R.webp,,未判定,,
EP-031_R,名称確認中（EP-031_R）,https://dcd.aikatsu.com/encore/images/cardlist/card/EP-031_R.webp,,未判定,,
EP-032_R,名称確認中（EP-032_R）,https://dcd.aikatsu.com/encore/images/cardlist/card/EP-032_R.webp,,未判定,,
EP-033_R,名称確認中（EP-033_R）,https://dcd.aikatsu.com/encore/images/cardlist/card/EP-033_R.webp,,未判定,,
EP-034_R,名称確認中（EP-034_R）,https://dcd.aikatsu.com/encore/images/cardlist/card/EP-034_R.webp,,未判定,,
EP-035_R,名称確認中（EP-035_R）,https://dcd.aikatsu.com/encore/images/cardlist/card/EP-035_R.webp,,未判定,,
EP-036_R,名称確認中（EP-036_R）,https://dcd.aikatsu.com/encore/images/cardlist/card/EP-036_R.webp,,未判定,,
EP-037_N,名称確認中（EP-037_N）,https://dcd.aikatsu.com/encore/images/cardlist/card/EP-037_N.webp,,未判定,,
EP-038_N,名称確認中（EP-038_N）,https://dcd.aikatsu.com/encore/images/cardlist/card/EP-038_N.webp,,未判定,,
