character_candidate,image_url,source_page,note
星宮いちご,https://www.aikatsu.net/02/character/images/bts_01.jpg,https://www.aikatsu.net/02/character/index.html,公式キャラクター画像
霧矢あおい,https://www.aikatsu.net/02/character/images/bts_02.jpg,https://www.aikatsu.net/02/character/index.html,公式キャラクター画像
音城セイラ,https://www.aikatsu.net/02/character/images/btd_01.jpg,https://www.aikatsu.net/02/character/index.html,公式キャラクター画像
冴草きい,https://www.aikatsu.net/02/character/images/btd_02.jpg,https://www.aikatsu.net/02/character/index.html,公式キャラクター画像
紫吹蘭,https://www.aikatsu.net/02/character/images/bts_03.jpg,https://www.aikatsu.net/02/character/index.html,公式キャラクター画像
有栖川おとめ,https://www.aikatsu.net/02/character/images/bts_04.jpg,https://www.aikatsu.net/02/character/index.html,公式キャラクター画像
風沢そら,https://www.aikatsu.net/02/character/images/btd_03.jpg,https://www.aikatsu.net/02/character/index.html,公式キャラクター画像
姫里マリア,https://www.aikatsu.net/02/character/images/btd_04.jpg,https://www.aikatsu.net/02/character/index.html,公式キャラクター画像
藤堂ユリカ,https://www.aikatsu.net/02/character/images/bts_05.jpg,https://www.aikatsu.net/02/character/index.html,公式キャラクター画像
北大路さくら,https://www.aikatsu.net/02/character/images/bts_06.jpg,https://www.aikatsu.net/02/character/index.html,公式キャラクター画像
一ノ瀬かえで,https://www.aikatsu.net/02/character/images/bts_07.jpg,https://www.aikatsu.net/02/character/index.html,公式キャラクター画像
大空あかり,https://www.aikatsu.net/02/character/images/bts_08.jpg,https://www.aikatsu.net/02/character/index.html,公式キャラクター画像
神崎美月,https://www.aikatsu.net/02/character/images/btm_01.jpg,https://www.aikatsu.net/02/character/index.html,公式キャラクター画像
夏樹みくる,https://www.aikatsu.net/02/character/images/btm_02.jpg,https://www.aikatsu.net/02/character/index.html,公式キャラクター画像
星宮いちご,https://www.aikatsu.net/portal/idol/img/icon-ichigo.png,https://www.aikatsu.net/portal/idol/,公式アイドル画像
霧矢あおい,https://www.aikatsu.net/portal/idol/img/icon-aoi.png,https://www.aikatsu.net/portal/idol/,公式アイドル画像
紫吹蘭,https://www.aikatsu.net/portal/idol/img/icon-ran.png,https://www.aikatsu.net/portal/idol/,公式アイドル画像
有栖川おとめ,https://www.aikatsu.net/portal/idol/img/icon-otome.png,https://www.aikatsu.net/portal/idol/,公式アイドル画像
藤堂ユリカ,https://www.aikatsu.net/portal/idol/img/icon-yurika.png,https://www.aikatsu.net/portal/idol/,公式アイドル画像
北大路さくら,https://www.aikatsu.net/portal/idol/img/icon-sakura.png,https://www.aikatsu.net/portal/idol/,公式アイドル画像
一ノ瀬かえで,https://www.aikatsu.net/portal/idol/img/icon-kaede.png,https://www.aikatsu.net/portal/idol/,公式アイドル画像
神谷しおん,https://www.aikatsu.net/portal/idol/img/icon-shion.png,https://www.aikatsu.net/portal/idol/,公式アイドル画像
三ノ輪ヒカリ,https://www.aikatsu.net/portal/idol/img/icon-hikari.png,https://www.aikatsu.net/portal/idol/,公式アイドル画像
星宮いちご,https://www.aikatsu.net/portal/idol/img/ichigo.png,https://www.aikatsu.net/portal/idol/,公式アイドル画像
霧矢あおい,https://www.aikatsu.net/portal/idol/img/aoi.png,https://www.aikatsu.net/portal/idol/,公式アイドル画像
紫吹蘭,https://www.aikatsu.net/portal/idol/img/ran.png,https://www.aikatsu.net/portal/idol/,公式アイドル画像
有栖川おとめ,https://www.aikatsu.net/portal/idol/img/otome.png,https://www.aikatsu.net/portal/idol/,公式アイドル画像
藤堂ユリカ,https://www.aikatsu.net/portal/idol/img/yurika.png,https://www.aikatsu.net/portal/idol/,公式アイドル画像
北大路さくら,https://www.aikatsu.net/portal/idol/img/sakura.png,https://www.aikatsu.net/portal/idol/,公式アイドル画像
一ノ瀬かえで,https://www.aikatsu.net/portal/idol/img/kaede.png,https://www.aikatsu.net/portal/idol/,公式アイドル画像
神谷しおん,https://www.aikatsu.net/portal/idol/img/shion.png,https://www.aikatsu.net/portal/idol/,公式アイドル画像
三ノ輪ヒカリ,https://www.aikatsu.net/portal/idol/img/hikari.png,https://www.aikatsu.net/portal/idol/,公式アイドル画像
星宮いちご,https://www.tv-tokyo.co.jp/anime/aikatsuonparade/images/chara/chara_list_ichigo.png,https://www.tv-tokyo.co.jp/anime/aikatsuonparade/charalist/,テレビ東京キャラクター画像
霧矢あおい,https://www.tv-tokyo.co.jp/anime/aikatsuonparade/images/chara/chara_list_aoi.png,https://www.tv-tokyo.co.jp/anime/aikatsuonparade/charalist/,テレビ東京キャラクター画像
紫吹蘭,https://www.tv-tokyo.co.jp/anime/aikatsuonparade/images/chara/chara_list_ran.png,https://www.tv-tokyo.co.jp/anime/aikatsuonparade/charalist/,テレビ東京キャラクター画像
有栖川おとめ,https://www.tv-tokyo.co.jp/anime/aikatsuonparade/images/chara/chara_list_otome.png,https://www.tv-tokyo.co.jp/anime/aikatsuonparade/charalist/,テレビ東京キャラクター画像
藤堂ユリカ,https://www.tv-tokyo.co.jp/anime/aikatsuonparade/images/chara/chara_list_yurika.png,https://www.tv-tokyo.co.jp/anime/aikatsuonparade/charalist/,テレビ東京キャラクター画像
北大路さくら,https://www.tv-tokyo.co.jp/anime/aikatsuonparade/images/chara/chara_list_sakura.png,https://www.tv-tokyo.co.jp/anime/aikatsuonparade/charalist/,テレビ東京キャラクター画像
一ノ瀬かえで,https://www.tv-tokyo.co.jp/anime/aikatsuonparade/images/chara/chara_list_kaede.png,https://www.tv-tokyo.co.jp/anime/aikatsuonparade/charalist/,テレビ東京キャラクター画像
音城セイラ,https://www.tv-tokyo.co.jp/anime/aikatsuonparade/images/chara/chara_list_seira.png,https://www.tv-tokyo.co.jp/anime/aikatsuonparade/charalist/,テレビ東京キャラクター画像
冴草きい,https://www.tv-tokyo.co.jp/anime/aikatsuonparade/images/chara/chara_list_kii.png,https://www.tv-tokyo.co.jp/anime/aikatsuonparade/charalist/,テレビ東京キャラクター画像
風沢そら,https://www.tv-tokyo.co.jp/anime/aikatsuonparade/images/chara/chara_list_sora.png,https://www.tv-tokyo.co.jp/anime/aikatsuonparade/charalist/,テレビ東京キャラクター画像
姫里マリア,https://www.tv-tokyo.co.jp/anime/aikatsuonparade/images/chara/chara_list_maria.png,https://www.tv-tokyo.co.jp/anime/aikatsuonparade/charalist/,テレビ東京キャラクター画像
三ノ輪ヒカリ,https://www.tv-tokyo.co.jp/anime/aikatsuonparade/images/chara/chara_list_hikari.png,https://www.tv-tokyo.co.jp/anime/aikatsuonparade/charalist/,テレビ東京キャラクター画像
神崎美月,https://www.tv-tokyo.co.jp/anime/aikatsuonparade/images/chara/chara_list_mizuki.png,https://www.tv-tokyo.co.jp/anime/aikatsuonparade/charalist/,テレビ東京キャラクター画像
夏樹みくる,https://www.tv-tokyo.co.jp/anime/aikatsuonparade/images/chara/chara_list_mikuru.png,https://www.tv-tokyo.co.jp/anime/aikatsuonparade/charalist/,テレビ東京キャラクター画像
大空あかり,https://www.tv-tokyo.co.jp/anime/aikatsuonparade/images/chara/chara_list_akari.png,https://www.tv-tokyo.co.jp/anime/aikatsuonparade/charalist/,テレビ東京キャラクター画像
氷上スミレ,https://www.tv-tokyo.co.jp/anime/aikatsuonparade/images/chara/chara_list_sumire.png,https://www.tv-tokyo.co.jp/anime/aikatsuonparade/charalist/,テレビ東京キャラクター画像
新条ひなき,https://www.tv-tokyo.co.jp/anime/aikatsuonparade/images/chara/chara_list_hinaki.png,https://www.tv-tokyo.co.jp/anime/aikatsuonparade/charalist/,テレビ東京キャラクター画像
紅林珠璃,https://www.tv-tokyo.co.jp/anime/aikatsuonparade/images/chara/chara_list_juri.png,https://www.tv-tokyo.co.jp/anime/aikatsuonparade/charalist/,テレビ東京キャラクター画像
黒沢凛,https://www.tv-tokyo.co.jp/anime/aikatsuonparade/images/chara/chara_list_rin.png,https://www.tv-tokyo.co.jp/anime/aikatsuonparade/charalist/,テレビ東京キャラクター画像
天羽まどか,https://www.tv-tokyo.co.jp/anime/aikatsuonparade/images/chara/chara_list_madoka.png,https://www.tv-tokyo.co.jp/anime/aikatsuonparade/charalist/,テレビ東京キャラクター画像
大地のの,https://www.tv-tokyo.co.jp/anime/aikatsuonparade/images/chara/chara_list_nono.png,https://www.tv-tokyo.co.jp/anime/aikatsuonparade/charalist/,テレビ東京キャラクター画像
白樺リサ,https://www.tv-tokyo.co.jp/anime/aikatsuonparade/images/chara/chara_list_risa.png,https://www.tv-tokyo.co.jp/anime/aikatsuonparade/charalist/,テレビ東京キャラクター画像
藤原みやび,https://www.tv-tokyo.co.jp/anime/aikatsuonparade/images/chara/chara_list_miyabi.png,https://www.tv-tokyo.co.jp/anime/aikatsuonparade/charalist/,テレビ東京キャラクター画像
栗栖ここね,https://www.tv-tokyo.co.jp/anime/aikatsuonparade/images/chara/chara_list_kokone.png,https://www.tv-tokyo.co.jp/anime/aikatsuonparade/charalist/,テレビ東京キャラクター画像
堂島ニーナ,https://www.tv-tokyo.co.jp/anime/aikatsuonparade/images/chara/chara_list_nina.png,https://www.tv-tokyo.co.jp/anime/aikatsuonparade/charalist/,テレビ東京キャラクター画像
服部ユウ,https://www.tv-tokyo.co.jp/anime/aikatsuonparade/images/chara/chara_list_yu.png,https://www.tv-tokyo.co.jp/anime/aikatsuonparade/charalist/,テレビ東京キャラクター画像
虹野ゆめ,https://www.tv-tokyo.co.jp/anime/aikatsuonparade/images/chara/chara_list_yume.png,https://www.tv-tokyo.co.jp/anime/aikatsuonparade/charalist/,テレビ東京キャラクター画像
桜庭ローラ,https://www.tv-tokyo.co.jp/anime/aikatsuonparade/images/chara/chara_list_rola.png,https://www.tv-tokyo.co.jp/anime/aikatsuonparade/charalist/,テレビ東京キャラクター画像
七倉小春,https://www.tv-tokyo.co.jp/anime/aikatsuonparade/images/chara/chara_list_koharu.png,https://www.tv-tokyo.co.jp/anime/aikatsuonparade/charalist/,テレビ東京キャラクター画像
早乙女あこ,https://www.tv-tokyo.co.jp/anime/aikatsuonparade/images/chara/chara_list_ako.png,https://www.tv-tokyo.co.jp/anime/aikatsuonparade/charalist/,テレビ東京キャラクター画像
香澄真昼,https://www.tv-tokyo.co.jp/anime/aikatsuonparade/images/chara/chara_list_mahiru.png,https://www.tv-tokyo.co.jp/anime/aikatsuonparade/charalist/,テレビ東京キャラクター画像
白鳥ひめ,https://www.tv-tokyo.co.jp/anime/aikatsuonparade/images/chara/chara_list_hime.png,https://www.tv-tokyo.co.jp/anime/aikatsuonparade/charalist/,テレビ東京キャラクター画像
如月ツバサ,https://www.tv-tokyo.co.jp/anime/aikatsuonparade/images/chara/chara_list_tsubasa.png,https://www.tv-tokyo.co.jp/anime/aikatsuonparade/charalist/,テレビ東京キャラクター画像
二階堂ゆず,https://www.tv-tokyo.co.jp/anime/aikatsuonparade/images/chara/chara_list_yuzu.png,https://www.tv-tokyo.co.jp/anime/aikatsuonparade/charalist/,テレビ東京キャラクター画像
香澄夜空,https://www.tv-tokyo.co.jp/anime/aikatsuonparade/images/chara/chara_list_yozora.png,https://www.tv-tokyo.co.jp/anime/aikatsuonparade/charalist/,テレビ東京キャラクター画像
白銀リリィ,https://www.tv-tokyo.co.jp/anime/aikatsuonparade/images/chara/chara_list_lily.png,https://www.tv-tokyo.co.jp/anime/aikatsuonparade/charalist/,テレビ東京キャラクター画像
エルザフォルテ,https://www.tv-tokyo.co.jp/anime/aikatsuonparade/images/chara/chara_list_elza.png,https://www.tv-tokyo.co.jp/anime/aikatsuonparade/charalist/,テレビ東京キャラクター画像
騎咲レイ,https://www.tv-tokyo.co.jp/anime/aikatsuonparade/images/chara/chara_list_rei.png,https://www.tv-tokyo.co.jp/anime/aikatsuonparade/charalist/,テレビ東京キャラクター画像
花園きらら,https://www.tv-tokyo.co.jp/anime/aikatsuonparade/images/chara/chara_list_kirara.png,https://www.tv-tokyo.co.jp/anime/aikatsuonparade/charalist/,テレビ東京キャラクター画像
双葉アリア,https://www.tv-tokyo.co.jp/anime/aikatsuonparade/images/chara/chara_list_aria.png,https://www.tv-tokyo.co.jp/anime/aikatsuonparade/charalist/,テレビ東京キャラクター画像
友希あいね,https://www.tv-tokyo.co.jp/anime/aikatsuonparade/images/chara/chara_list_aine.png,https://www.tv-tokyo.co.jp/anime/aikatsuonparade/charalist/,テレビ東京キャラクター画像
湊みお,https://www.tv-tokyo.co.jp/anime/aikatsuonparade/images/chara/chara_list_mio.png,https://www.tv-tokyo.co.jp/anime/aikatsuonparade/charalist/,テレビ東京キャラクター画像
蝶乃舞花,https://www.tv-tokyo.co.jp/anime/aikatsuonparade/images/chara/chara_list_maika.png,https://www.tv-tokyo.co.jp/anime/aikatsuonparade/charalist/,テレビ東京キャラクター画像
日向エマ,https://www.tv-tokyo.co.jp/anime/aikatsuonparade/images/chara/chara_list_ema.png,https://www.tv-tokyo.co.jp/anime/aikatsuonparade/charalist/,テレビ東京キャラクター画像
白百合さくや,https://www.tv-tokyo.co.jp/anime/aikatsuonparade/images/chara/chara_list_sakuya.png,https://www.tv-tokyo.co.jp/anime/aikatsuonparade/charalist/,テレビ東京キャラクター画像
白百合かぐや,https://www.tv-tokyo.co.jp/anime/aikatsuonparade/images/chara/chara_list_kaguya.png,https://www.tv-tokyo.co.jp/anime/aikatsuonparade/charalist/,テレビ東京キャラクター画像
神城カレン,https://www.tv-tokyo.co.jp/anime/aikatsuonparade/images/chara/chara_list_karen.png,https://www.tv-tokyo.co.jp/anime/aikatsuonparade/charalist/,テレビ東京キャラクター画像
明日香ミライ,https://www.tv-tokyo.co.jp/anime/aikatsuonparade/images/chara/chara_list_mirai.png,https://www.tv-tokyo.co.jp/anime/aikatsuonparade/charalist/,テレビ東京キャラクター画像
天翔ひびき,https://www.tv-tokyo.co.jp/anime/aikatsuonparade/images/chara/chara_list_hibiki.png,https://www.tv-tokyo.co.jp/anime/aikatsuonparade/charalist/,テレビ東京キャラクター画像
アリシアシャーロット,https://www.tv-tokyo.co.jp/anime/aikatsuonparade/images/chara/chara_list_alicia.png,https://www.tv-tokyo.co.jp/anime/aikatsuonparade/charalist/,テレビ東京キャラクター画像
春風わかば,https://www.tv-tokyo.co.jp/anime/aikatsuonparade/images/chara/chara_list_wakaba.png,https://www.tv-tokyo.co.jp/anime/aikatsuonparade/charalist/,テレビ東京キャラクター画像
姫石らき,https://www.tv-tokyo.co.jp/anime/aikatsuonparade/images/chara/chara_list_raki.png,https://www.tv-tokyo.co.jp/anime/aikatsuonparade/charalist/,テレビ東京キャラクター画像
